vanished_mac,appeared_mac,gap_s,interval_diff_ms,sigma_distance,rssi_delta,vanished_n_packets,appeared_n_packets
4B:7C:BC:E4:17:6C,5B:96:52:53:75:4D,352.672,1.3061851418250114e-05,0.0011221730062276347,1.5245309681298949,8315,200
EC:0D:30:18:2D:94,D0:E0:1C:11:27:E0,1.811,2.3974674768112436e-05,0.00837402070292404,0.27378783669117013,817,815
C0:99:86:97:1C:A5,C0:8E:30:BA:4C:86,0.945,3.193786577559976e-05,0.009271447954987038,1.497533358068459,1524,764
51:1B:FF:95:C1:2A,5B:96:52:53:75:4D,0.372,0.00019555871053844598,0.01682973000324969,4.247705210563879,5604,200
C6:EB:15:F1:C2:72,3D:25:71:8F:B3:36,861.934,0.00016524650556881681,0.023266813184667882,4.173377444984553,437,4563
15:6F:0A:A8:3C:88,3C:44:3F:1D:E2:E6,1200.142,0.0035639514806291572,0.023739151981772594,1.1632471631956207,5418,5415
F5:FA:1A:9C:C1:8A,DA:64:AE:45:3A:5F,1803.706,9.916789325670194e-05,0.03472875226472419,1.8532836444573277,745,787
01:59:51:4F:29:CE,05:77:20:2D:9C:CE,1002.565,0.014720628935833702,0.03563409631227182,0.7421157147184516,219,407
F5:FA:1A:9C:C1:8A,EC:0D:30:18:2D:94,3.789,0.00011528529891213779,0.04004323984609611,0.0336441227933264,745,817
1F:F3:23:E8:18:D8,3D:25:71:8F:B3:36,1200.098,0.00039451163223924723,0.04156771290329387,0.736876370099921,4601,4563
C0:FA:CF:E8:15:66,C0:99:86:97:1C:A5,0.513,0.00013732413049405423,0.042024563270402826,2.6371028825286444,1594,1524
F5:FA:1A:9C:C1:8A,D0:E0:1C:11:27:E0,901.768,0.00013925997368025023,0.048478645564789216,0.30743195948449653,745,815
60:29:A5:46:AD:CF,49:06:BB:72:39:EF,1238.694,0.0003518448908952365,0.050596772230924854,1.618749283002984,10041,2528
C0:10:CC:B8:94:20,C0:8E:30:BA:4C:86,2196.495,0.0001796723069129591,0.05439664783421524,7.751223248968564,1085,764
22:92:47:37:94:E7,2C:56:04:64:0F:F3,1200.089,0.009118591749043503,0.05863251168940212,0.513046382748712,859,5451
4B:7C:BC:E4:17:6C,49:06:BB:72:39:EF,0.033,0.0004576479916065246,0.06613486637503639,0.26246270275618144,8315,2528
60:29:A5:46:AD:CF,5B:96:52:53:75:4D,1591.333,0.000796431031083511,0.06830444717910783,3.4057429538890602,10041,200
1D:10:62:69:E3:C3,3D:25:71:8F:B3:36,812.978,0.000587930814473836,0.07223221632859438,5.876759487904238,889,4563
01:59:51:4F:29:CE,3D:D6:FE:C7:29:D8,1714.356,0.03771506703634486,0.07259170555566752,5.27003998164777,219,209
C0:FA:CF:E8:15:66,C0:8E:30:BA:4C:86,1093.555,0.00025968187250935415,0.07362066856468621,1.1395695244601853,1594,764
EC:0D:30:18:2D:94,DA:64:AE:45:3A:5F,903.749,0.00021445319216883973,0.07535729754170867,1.8196395216640013,817,787
3C:44:3F:1D:E2:E6,3A:9B:BD:54:19:44,599.951,0.01161988034971273,0.07688929507737319,6.3581909954354074,5415,4528
5A:94:34:C9:42:9F,4B:7C:BC:E4:17:6C,1516.489,0.0005254929507239048,0.07806265635955754,2.404826127139927,3002,8315
D0:E0:1C:11:27:E0,DA:64:AE:45:3A:5F,3.785,0.00023842786693695217,0.08397335323092116,1.5458516849728312,815,787
0A:F6:30:41:5E:42,3D:25:71:8F:B3:36,0.181,0.0007699557283991076,0.08506668440086626,0.2292808482661144,4230,4563
5A:94:34:C9:42:9F,67:A3:17:D6:18:1B,125.504,0.0005810161432777683,0.09070347950855344,13.639822305625799,3002,9888
60:29:A5:46:AD:CF,51:1B:FF:95:C1:2A,796.284,0.0006764320710055394,0.0953432305456226,7.653448164452939,10041,5604
C0:10:CC:B8:94:20,D0:E0:1C:11:27:E0,862.355,0.00027277506364242754,0.09602935979292741,8.28334511322835,1085,815
C0:10:CC:B8:94:20,C0:99:86:97:1C:A5,1103.453,0.000302030048928259,0.0998701538762713,9.248756607037024,1085,1524
05:77:20:2D:9C:CE,3D:D6:FE:C7:29:D8,589.235,0.052435695972178564,0.11325492069355036,6.0121556963662215,407,209
5A:94:34:C9:42:9F,51:1B:FF:95:C1:2A,2312.619,0.0007937192404474658,0.114190161559345,8.1770623058337,3002,5604
C0:10:CC:B8:94:20,C0:FA:CF:E8:15:66,0.526,0.00035101541215176724,0.11471120887575771,6.611653724508379,1085,1594
1F:F3:23:E8:18:D8,1D:10:62:69:E3:C3,116.826,0.0009824424467130832,0.11785945467674909,6.613635858004159,4601,889
1F:F3:23:E8:18:D8,0A:F6:30:41:5E:42,600.087,0.0011733399095166241,0.12436684407373697,0.9661572183660354,4601,4230
51:8C:E1:D4:02:51,67:A3:17:D6:18:1B,0.279,0.0007822035366351621,0.13005110605822034,1.511237568079551,3690,9888
D0:E0:1C:11:27:E0,C0:8E:30:BA:4C:86,435.987,0.00045244737055538664,0.13641217974564632,0.5321218642597856,815,764
60:29:A5:46:AD:CF,4B:7C:BC:E4:17:6C,0.154,0.0009446583607291004,0.13730268845577145,1.8812119857591654,10041,8315
EC:0D:30:18:2D:94,C0:8E:30:BA:4C:86,1335.951,0.0004764220453234991,0.14340019940160598,0.25833402756861545,817,764
26:D6:E0:14:5C:7B,34:1F:3A:61:16:B4,14.941,0.050280594565265346,0.14658563960625828,0.6951017804477004,797,773
67:A3:17:D6:18:1B,5B:96:52:53:75:4D,1462.4,0.0017572757007182638,0.15497976900376897,9.710465210355977,9888,200
3B:E2:70:CF:4D:32,2C:56:04:64:0F:F3,0.109,0.02351930955691728,0.1553993064540136,0.39243476609595973,5466,5451
F5:FA:1A:9C:C1:8A,C0:8E:30:BA:4C:86,2235.908,0.0005917073442356369,0.17765681287124055,0.22468990477528905,745,764
0A:F6:30:41:5E:42,2C:5C:25:F7:73:90,600.153,0.0016079074958148531,0.1798729167401632,0.6019885631858273,4230,1239
C0:10:CC:B8:94:20,DA:64:AE:45:3A:5F,1764.293,0.0005112029305793797,0.18106974220484753,9.829196798201181,1085,787
EC:0D:30:18:2D:94,C0:99:86:97:1C:A5,242.909,0.000598779787338799,0.1966230652024672,1.2391993304998437,817,1524
59:33:4A:AE:30:0C,5B:96:52:53:75:4D,795.368,0.002484319610547736,0.20813088768834093,6.612687213448794,3926,200
1F:F3:23:E8:18:D8,2C:5C:25:F7:73:90,1800.07,0.0019833515919747136,0.21135461744050843,1.5681457815518627,4601,1239
F5:FA:1A:9C:C1:8A,C0:99:86:97:1C:A5,1142.866,0.0007140650862509368,0.233785061640691,1.27284345329317,745,1524
C6:EB:15:F1:C2:72,0A:F6:30:41:5E:42,261.923,0.0017330980473246882,0.24664067456324015,3.9440965967184383,437,4230
F5:FA:1A:9C:C1:8A,C0:FA:CF:E8:15:66,39.939,0.000763050449474445,0.24695932792356673,1.3642594292354744,745,1594
19:3E:F0:26:49:EC,3A:9B:BD:54:19:44,0.102,0.05207053869099809,0.256289859381149,2.194199171232327,5188,4528
5A:94:34:C9:42:9F,60:29:A5:46:AD:CF,0.107,0.001763094263004028,0.2590403157928288,0.5236141413807616,3002,10041
51:8C:E1:D4:02:51,59:33:4A:AE:30:0C,1521.07,0.0015121882795927633,0.26510729848451087,1.5865404288276324,3690,3926
22:92:47:37:94:E7,3B:E2:70:CF:4D:32,600.057,0.040189906293477407,0.26627220660059236,0.12061161665275222,859,5466
1D:10:62:69:E3:C3,0A:F6:30:41:5E:42,212.967,0.0021557823562297074,0.26701217964277774,5.647478639638123,889,4230
10:6F:B7:A7:28:CD,3D:25:71:8F:B3:36,600.109,0.0024921798589048194,0.2699331546719337,0.751634690096239,4290,4563
59:33:4A:AE:30:0C,49:06:BB:72:39:EF,442.729,0.0020397334703594616,0.275346238259812,8.39968088433487,3926,2528
67:A3:17:D6:18:1B,51:1B:FF:95:C1:2A,667.351,0.0018772746607962354,0.2864619089517719,5.462759999792098,9888,5604
51:8C:E1:D4:02:51,4B:7C:BC:E4:17:6C,1391.264,0.0018887126306368351,0.29693571862803336,9.723758610406321,3690,8315
C0:FA:CF:E8:15:66,DA:64:AE:45:3A:5F,661.353,0.000950557110001693,0.3083583477787504,3.217543073692802,1594,787
59:33:4A:AE:30:0C,51:1B:FF:95:C1:2A,0.319,0.0023643206504697645,0.313561326372654,2.364982002884915,3926,5604
67:A3:17:D6:18:1B,59:33:4A:AE:30:0C,1.027,0.001791852539156924,0.3166333416458497,3.0977779969071833,9888,3926
51:8C:E1:D4:02:51,51:1B:FF:95:C1:2A,2187.394,0.002156938920360396,0.3271957058024315,3.9515224317125472,3690,5604
26:CA:42:C5:F0:5C,1F:F3:23:E8:18:D8,600.094,0.0032618961249619716,0.32794219309065276,0.8863293841844353,4009,4601
67:A3:17:D6:18:1B,49:06:BB:72:39:EF,1109.761,0.0022018618409065382,0.3440081387206076,11.497458881242054,9888,2528
0D:C8:E6:51:55:7E,35:99:F6:E2:D3:43,2267.532,0.5247246514313701,0.3596760865662461,1.2345858083146055,1271,946
C6:EB:15:F1:C2:72,2C:5C:25:F7:73:90,1461.906,0.0025431097297827776,0.36544959846181074,3.342108033532611,437,1239
1D:10:62:69:E3:C3,2C:5C:25:F7:73:90,1412.95,0.002965794038687797,0.3700468912853269,5.045490076452296,889,1239
26:CA:42:C5:F0:5C,1D:10:62:69:E3:C3,1316.857,0.003393870234693175,0.3903311647787296,5.7273064738197235,4009,889
10:6F:B7:A7:28:CD,0A:F6:30:41:5E:42,0.098,0.004060031400660691,0.4425254153100792,0.9809155383623533,4290,4230
22:92:47:37:94:E7,3C:44:3F:1D:E2:E6,1800.113,0.06817871336316728,0.44888724706080557,1.381225780584046,859,5415
5A:94:34:C9:42:9F,59:33:4A:AE:30:0C,1646.295,0.0028754079595056936,0.4702195713947526,10.542044308718616,3002,3926
3B:E2:70:CF:4D:32,3A:9B:BD:54:19:44,1800.068,0.07127577948804742,0.4767425114519739,7.860028392672206,5466,4528
15:6F:0A:A8:3C:88,2C:56:04:64:0F:F3,600.118,0.07373335363158162,0.4793843425615583,0.7310250001371372,5418,5451
14:CD:05:7C:74:9C,26:D6:E0:14:5C:7B,2359.048,0.27781461791778383,0.49339790880808987,8.8801497350602,363,797
26:CA:42:C5:F0:5C,C6:EB:15:F1:C2:72,624.016,0.003816554543598194,0.4935734311862306,4.023924430900038,4009,437
10:6F:B7:A7:28:CD,2C:5C:25:F7:73:90,1200.081,0.00487004308311878,0.533835636650297,1.5829041015481806,4290,1239
01:59:51:4F:29:CE,34:1F:3A:61:16:B4,2383.779,0.22672032711085421,0.5577283219098677,10.981002675929048,219,773
26:CA:42:C5:F0:5C,0A:F6:30:41:5E:42,1800.118,0.005549652590922882,0.5690044563382989,0.07982783418160011,4009,4230
C0:FA:CF:E8:15:66,5B:96:52:53:75:4D,1600.09,0.006160849237268895,0.5692524519434871,9.135639899623591,1594,200
3D:D6:FE:C7:29:D8,34:1F:3A:61:16:B4,604.697,0.2644353941471991,0.5784934203709716,5.710962694281278,209,773
C0:99:86:97:1C:A5,5B:96:52:53:75:4D,507.48,0.006388593244002649,0.5917510926484817,11.772742782152235,1524,200
22:92:47:37:94:E7,15:6F:0A:A8:3C:88,0.021,0.0913710367149605,0.603564005959521,0.21797861738842528,859,5418
2C:56:04:64:0F:F3,3A:9B:BD:54:19:44,1200.02,0.09142870366086697,0.6175683022253683,8.252463158768165,5451,4528
2B:63:83:8A:8C:5B,D0:E0:1C:11:27:E0,689.354,0.0027814543111284173,0.6368994975252774,14.28832431970244,4592,815
D0:E0:1C:11:27:E0,5B:96:52:53:75:4D,942.522,0.006872978480333636,0.6389944631227105,10.807331288343562,815,200
05:77:20:2D:9C:CE,34:1F:3A:61:16:B4,1258.658,0.2119996981750205,0.6401554189807166,11.7231183906475,407,773
EC:0D:30:18:2D:94,5B:96:52:53:75:4D,1842.486,0.006896953155101748,0.6411211962278687,10.533543451652392,817,200
01:59:51:4F:29:CE,26:D6:E0:14:5C:7B,2105.069,0.27700092167611956,0.6553781040846932,10.285900895481348,219,797
DA:64:AE:45:3A:5F,5B:96:52:53:75:4D,42.531,0.007111406347270588,0.6614417452352906,12.353182973316393,787,200
3D:D6:FE:C7:29:D8,26:D6:E0:14:5C:7B,325.987,0.3147159887124644,0.667433309956415,5.015860913833578,209,797
3B:E2:70:CF:4D:32,3C:44:3F:1D:E2:E6,600.133,0.10081661466912806,0.6830045825681315,1.5018373972367982,5466,5415
2B:63:83:8A:8C:5B,C0:8E:30:BA:4C:86,2023.494,0.003233901681683804,0.6908307244670249,13.756202455442654,4592,764
60:29:A5:46:AD:CF,59:33:4A:AE:30:0C,129.96,0.004345559270958699,0.6921815369592992,10.018430167337854,10041,3926
C0:10:CC:B8:94:20,59:33:4A:AE:30:0C,1241.657,0.0030510751768160205,0.69891795978988,9.136673388564006,1085,3926
15:6F:0A:A8:3C:88,3B:E2:70:CF:4D:32,0.086,0.10480466817601553,0.7025848433631453,0.3385902340411775,5418,5466
05:77:20:2D:9C:CE,26:D6:E0:14:5C:7B,979.948,0.26228029274028586,0.7476495184022529,11.0280166101998,407,797
2C:56:04:64:0F:F3,3C:44:3F:1D:E2:E6,0.085,0.12096953884194761,0.8278267763387961,1.894272163332758,5451,5415
14:CD:05:7C:74:9C,01:59:51:4F:29:CE,187.257,0.5548155395939034,0.9188007658329265,1.405751160421147,363,219
14:CD:05:7C:74:9C,3D:D6:FE:C7:29:D8,1968.335,0.5925306066302483,0.927263147420529,3.864288821226623,363,209
14:CD:05:7C:74:9C,05:77:20:2D:9C:CE,1256.544,0.5400949106580697,0.9715178124679587,2.1478668751395986,363,407
5A:94:34:C9:42:9F,C0:FA:CF:E8:15:66,405.164,0.005575467724169947,1.0593504716794688,5.206282804353769,3002,1594
5A:94:34:C9:42:9F,C0:99:86:97:1C:A5,1508.091,0.005624453087393455,1.0728801569677642,7.843385686882414,3002,1524
2B:63:83:8A:8C:5B,59:33:4A:AE:30:0C,1068.656,0.006105304551586865,1.1135478389303284,3.131694182089916,4592,3926
C0:FA:CF:E8:15:66,51:1B:FF:95:C1:2A,805.041,0.006280848197346867,1.1189126564099297,13.38334511018747,1594,5604
C0:FA:CF:E8:15:66,4B:7C:BC:E4:17:6C,8.911,0.006012621907623306,1.126052931064876,7.611108931493696,1594,8315
2C:56:04:64:0F:F3,19:3E:F0:26:49:EC,600.161,0.24616467227289718,1.1316605811714633,10.446662330000493,5451,5188
5A:94:34:C9:42:9F,D0:E0:1C:11:27:E0,1266.993,0.006199258199964142,1.2064072439654256,6.87797419307374,3002,815
5A:94:34:C9:42:9F,EC:0D:30:18:2D:94,369.014,0.006223232874732254,1.2102274908135153,6.60418635638257,3002,817
C0:FA:CF:E8:15:66,49:06:BB:72:39:EF,1247.451,0.0066054353774571695,1.2155086886814044,7.348646228737515,1594,2528
3B:E2:70:CF:4D:32,19:3E:F0:26:49:EC,1200.209,0.26631759644571673,1.2187269516285382,10.054227563904533,5466,5188
C0:10:CC:B8:94:20,51:1B:FF:95:C1:2A,1907.981,0.00672020237676918,1.227391498881266,6.771691385679091,1085,5604
C0:10:CC:B8:94:20,4B:7C:BC:E4:17:6C,1111.851,0.006451976087045619,1.2421696148520054,0.9994552069853171,1085,8315
5A:94:34:C9:42:9F,DA:64:AE:45:3A:5F,2168.931,0.006437686066901094,1.2551374910928346,8.423825878046571,3002,787
C0:99:86:97:1C:A5,49:06:BB:72:39:EF,154.841,0.006833179384190924,1.2698509307168389,9.98574911126616,1524,2528
EC:0D:30:18:2D:94,51:1B:FF:95:C1:2A,1047.437,0.00701695211517972,1.2788628692580613,14.78124866221627,817,5604
60:29:A5:46:AD:CF,C0:8E:30:BA:4C:86,1084.798,0.00721696214086176,1.2906593653857246,6.869466470194716,10041,764
EC:0D:30:18:2D:94,4B:7C:BC:E4:17:6C,251.307,0.006748725825456159,1.2962299006295643,9.009012483522497,817,8315
F5:FA:1A:9C:C1:8A,51:1B:FF:95:C1:2A,1947.394,0.007132237414091858,1.2986842176278863,14.747604539422944,745,5604
F5:FA:1A:9C:C1:8A,4B:7C:BC:E4:17:6C,1151.264,0.006864011124368297,1.3170327757381681,8.97536836072917,745,8315
C0:10:CC:B8:94:20,49:06:BB:72:39:EF,2350.391,0.007044789556879483,1.3313495810746927,0.7369925042291356,1085,2528
D0:E0:1C:11:27:E0,49:06:BB:72:39:EF,589.883,0.00731756462052191,1.3806550972257097,9.020337617457486,815,2528
EC:0D:30:18:2D:94,49:06:BB:72:39:EF,1489.847,0.007341539295290023,1.3842696414079831,8.746549780766316,817,2528
F5:FA:1A:9C:C1:8A,49:06:BB:72:39:EF,2389.804,0.0074568245942021605,1.4046297396275715,8.712905657972989,745,2528
60:29:A5:46:AD:CF,DA:64:AE:45:3A:5F,652.596,0.007907837378354099,1.4857691765111525,8.947440019427333,10041,787
2B:63:83:8A:8C:5B,51:1B:FF:95:C1:2A,1734.98,0.009774431751540025,1.5268578304625926,0.7667121792050011,4592,5604
2B:63:83:8A:8C:5B,4B:7C:BC:E4:17:6C,938.85,0.009506205461816464,1.5424661000789592,5.005523999488773,4592,8315
3C:44:3F:1D:E2:E6,19:3E:F0:26:49:EC,0.092,0.3492132562834769,1.5899927681019763,8.552390166667735,5415,5188
2B:63:83:8A:8C:5B,49:06:BB:72:39:EF,2177.39,0.010099018931650328,1.6170709459618235,5.267986702244954,4592,2528
15:6F:0A:A8:3C:88,19:3E:F0:26:49:EC,1800.218,0.36357025963421563,1.650846173342714,9.715637329863355,5418,5188
